INDEX,Runs,Unnamed: 2,Unnamed: 3,4s,6s,SR,Pos,Dismissal,Inns,Opposition,Ground,Start Date
0,11,,,1,0,52.38,7,caught,2,Australia,Melbourne,26-Dec-11
1,0,,,0,0,0.0,6,lbw,4,Australia,Melbourne,26-Dec-11
2,23,,,3,0,56.09,6,caught,1,Australia,Sydney,03-Jan-12
3,9,,,2,0,37.5,6,lbw,3,Australia,Sydney,03-Jan-12
4,44,,,6,0,54.32,6,caught,1,Australia,Perth,13-Jan-12
5,75,,,9,0,55.14,6,caught,3,Australia,Perth,13-Jan-12
6,116,,,11,1,54.46,6,lbw,2,Australia,Adelaide,24-Jan-12
7,22,,,2,0,35.48,6,run out,4,Australia,Adelaide,24-Jan-12
8,107,,,15,1,51.94,5,caught,2,Australia,Chennai,22-Feb-13
9,34,,,3,0,36.95,5,caught,2,Australia,Hyderabad,02-Mar-13
10,67*,,,7,1,51.93,5,not out,2,Australia,Mohali,14-Mar-13
11,34,,,6,0,55.73,3,caught,4,Australia,Mohali,14-Mar-13
12,1,,,0,0,12.5,3,lbw,2,Australia,Delhi,22-Mar-13
13,41,,,4,0,68.33,3,lbw,4,Australia,Delhi,22-Mar-13
14,115,,,12,0,62.5,4,caught,2,Australia,Adelaide,09-Dec-14
15,141,,,16,1,80.57,4,caught,4,Australia,Adelaide,09-Dec-14
16,19,,,1,0,70.37,4,caught,1,Australia,Brisbane,17-Dec-14
17,1,,,0,0,9.09,4,bowled,3,Australia,Brisbane,17-Dec-14
18,169,,,18,0,62.13,4,caught,2,Australia,Melbourne,26-Dec-14
19,54,,,7,0,54.54,4,caught,4,Australia,Melbourne,26-Dec-14
20,147,,,20,0,63.91,4,caught,2,Australia,Sydney,06-Jan-15
21,46,,,3,0,48.42,4,caught,4,Australia,Sydney,06-Jan-15
22,0,,,0,0,0.0,4,caught,2,Australia,Pune,23-Feb-17
23,13,,,1,0,35.13,4,bowled,4,Australia,Pune,23-Feb-17
24,12,,,2,0,70.58,4,lbw,1,Australia,Bengaluru,04-Mar-17
25,15,,,1,0,60.0,4,lbw,3,Australia,Bengaluru,04-Mar-17
26,6,,,0,0,26.08,4,caught,2,Australia,Ranchi,16-Mar-17
27,3,,,0,0,18.75,4,caught,1,Australia,Adelaide,06-Dec-18
28,34,,,3,0,32.69,4,caught,3,Australia,Adelaide,06-Dec-18
29,123,,,13,1,47.85,4,caught,2,Australia,Perth,14-Dec-18
30,17,,,2,0,42.5,4,caught,4,Australia,Perth,14-Dec-18
31,82,,,9,0,40.19,4,caught,1,Australia,Melbourne,26-Dec-18
32,0,,,0,0,0.0,4,caught,3,Australia,Melbourne,26-Dec-18
33,23,,,4,0,38.98,4,caught,1,Australia,Sydney,03-Jan-19
34,74,,,8,0,41.11,4,run out,1,Australia,Adelaide,17-Dec-20
35,4,,,1,0,50.0,5,caught,3,Australia,Adelaide,17-Dec-20
36,12,,,2,0,46.15,5,caught,2,Australia,Nagpur,09-Feb-23
37,44,,,4,0,52.38,4,lbw,2,Australia,Delhi,17-Feb-23
38,20,,,3,0,64.51,4,stumped,4,Australia,Delhi,17-Feb-23
39,14,,,2,0,63.63,4,bowled,1,Bangladesh,Fatullah,10-Jun-15
40,204,,,24,0,82.92,4,lbw,1,Bangladesh,Hyderabad,09-Feb-17
41,38,,,2,1,95.0,4,caught,3,Bangladesh,Hyderabad,09-Feb-17
42,0,,,0,0,0.0,4,lbw,2,Bangladesh,Indore,14-Nov-19
43,136,,,18,0,70.1,4,caught,2,Bangladesh,Eden Gardens,22-Nov-19
44,1,,,0,0,20.0,4,lbw,1,Bangladesh,Chattogram,14-Dec-22
45,19*,,,0,0,65.51,4,not out,3,Bangladesh,Chattogram,14-Dec-22
46,24,,,3,0,32.87,4,caught,2,Bangladesh,Mirpur,22-Dec-22
47,1,,,0,0,4.54,5,caught,4,Bangladesh,Mirpur,22-Dec-22
48,19,,,3,0,28.35,5,bowled,1,England,Ahmedabad,15-Nov-12
49,14*,,,3,0,66.66,3,not out,4,England,Ahmedabad,15-Nov-12
50,19,,,3,0,34.54,5,caught,1,England,Wankhede,23-Nov-12
51,7,,,1,0,53.84,5,caught,3,England,Wankhede,23-Nov-12
52,6,,,1,0,25.0,5,caught,1,England,Eden Gardens,05-Dec-12
53,20,,,3,0,33.33,5,caught,3,England,Eden Gardens,05-Dec-12
54,103,,,11,0,34.91,5,lbw,2,England,Nagpur,13-Dec-12
55,1,,,0,0,12.5,4,caught,1,England,Nottingham,09-Jul-14
56,8,,,1,0,27.58,4,lbw,3,England,Nottingham,09-Jul-14
57,25,,,4,0,73.52,4,caught,1,England,Lord's,17-Jul-14
58,0,,,0,0,0.0,4,bowled,3,England,Lord's,17-Jul-14
59,39,,,3,0,52.0,4,caught,2,England,Southampton,27-Jul-14
60,28,,,3,0,50.0,4,caught,4,England,Southampton,27-Jul-14
61,0,,,0,0,0.0,4,caught,1,England,Manchester,07-Aug-14
62,7,,,1,0,63.63,4,caught,3,England,Manchester,07-Aug-14
63,6,,,1,0,33.33,4,lbw,1,England,The Oval,15-Aug-14
64,20,,,2,0,37.03,4,caught,3,England,The Oval,15-Aug-14
65,40,,,5,0,42.1,4,hit wicket,2,England,Rajkot,09-Nov-16
66,49*,,,6,0,50.0,4,not out,4,England,Rajkot,09-Nov-16
67,167,,,18,0,62.54,4,caught,1,England,Visakhapatnam,17-Nov-16
68,81,,,8,0,74.31,4,caught,3,England,Visakhapatnam,17-Nov-16
69,62,,,9,0,48.81,4,caught,2,England,Mohali,26-Nov-16
70,6*,,,0,0,54.54,4,not out,4,England,Mohali,26-Nov-16
71,235,,,25,1,69.11,4,caught,2,England,Wankhede,08-Dec-16
72,15,,,1,0,51.72,4,caught,2,England,Chennai,16-Dec-16
73,149,,,22,1,66.22,4,caught,2,England,Birmingham,01-Aug-18
74,51,,,4,0,54.83,4,lbw,4,England,Birmingham,01-Aug-18
75,23,,,2,0,40.35,4,caught,1,England,Lord's,09-Aug-18
76,17,,,2,0,58.62,5,caught,3,England,Lord's,09-Aug-18
77,97,,,11,0,63.81,4,caught,1,England,Nottingham,18-Aug-18
78,103,,,10,0,52.28,4,lbw,3,England,Nottingham,18-Aug-18
79,46,,,6,0,64.78,4,caught,2,England,Southampton,30-Aug-18
80,58,,,4,0,44.61,4,caught,4,England,Southampton,30-Aug-18
81,49,,,6,0,70.0,4,caught,2,England,The Oval,07-Sep-18
82,0,,,0,0,0.0,4,caught,4,England,The Oval,07-Sep-18
83,11,,,0,0,22.91,4,caught,2,England,Chennai,05-Feb-21
84,72,,,9,0,69.23,4,bowled,4,England,Chennai,05-Feb-21
85,0,,,0,0,0.0,4,bowled,1,England,Chennai,13-Feb-21
86,62,,,7,0,41.61,4,lbw,3,England,Chennai,13-Feb-21
87,27,,,3,0,46.55,4,bowled,2,England,Ahmedabad,24-Feb-21
88,0,,,0,0,0.0,4,caught,2,England,Ahmedabad,04-Mar-21
89,0,,,0,0,0.0,4,caught,2,England,Nottingham,04-Aug-21
90,42,,,3,0,40.77,4,caught,1,England,Lord's,12-Aug-21
91,20,,,4,0,64.51,4,caught,3,England,Lord's,12-Aug-21
92,7,,,1,0,41.17,4,caught,1,England,Leeds,25-Aug-21
93,55,,,8,0,44.0,4,caught,3,England,Leeds,25-Aug-21
94,50,,,8,0,52.08,4,caught,1,England,The Oval,02-Sep-21
95,44,,,7,0,45.83,4,caught,3,England,The Oval,02-Sep-21
96,11,,,2,0,57.89,4,bowled,1,England,Birmingham,01-Jul-22
97,20,,,4,0,50.0,4,caught,3,England,Birmingham,01-Jul-22
98,58,,,8,0,54.2,5,caught,1,New Zealand,Hyderabad,23-Aug-12
99,103,,,14,1,53.36,5,lbw,2,New Zealand,Bengaluru,31-Aug-12
100,51*,,,9,0,62.19,5,not out,4,New Zealand,Bengaluru,31-Aug-12
101,4,,,1,0,30.76,4,caught,2,New Zealand,Auckland,06-Feb-14
102,67,,,12,0,65.68,4,caught,4,New Zealand,Auckland,06-Feb-14
103,38,,,4,0,40.86,5,caught,2,New Zealand,Wellington,14-Feb-14
104,105*,,,15,1,77.77,4,not out,4,New Zealand,Wellington,14-Feb-14
105,9,,,2,0,90.0,4,caught,1,New Zealand,Kanpur,22-Sep-16
106,18,,,3,0,45.0,4,caught,3,New Zealand,Kanpur,22-Sep-16
107,9,,,1,0,32.14,4,caught,1,New Zealand,Eden Gardens,30-Sep-16
108,45,,,7,0,69.23,4,lbw,3,New Zealand,Eden Gardens,30-Sep-16
109,211,,,20,0,57.65,4,lbw,1,New Zealand,Indore,08-Oct-16
110,17,,,1,0,60.71,4,lbw,3,New Zealand,Indore,08-Oct-16
111,2,,,0,0,28.57,4,caught,1,New Zealand,Wellington,21-Feb-20
112,19,,,3,0,44.18,4,caught,3,New Zealand,Wellington,21-Feb-20
113,3,,,0,0,20.0,4,lbw,1,New Zealand,Christchurch,29-Feb-20
114,14,,,3,0,46.66,4,lbw,3,New Zealand,Christchurch,29-Feb-20
115,44,,,1,0,33.33,4,lbw,1,New Zealand,Southampton,18-Jun-21
116,13,,,0,0,44.82,4,caught,3,New Zealand,Southampton,18-Jun-21
117,0,,,0,0,0.0,4,lbw,1,New Zealand,Wankhede,03-Dec-21
118,36,,,1,1,42.85,4,bowled,3,New Zealand,Wankhede,03-Dec-21
119,119,,,18,0,65.74,4,caught,1,South Africa,Johannesburg,18-Dec-13
120,96,,,9,0,49.74,4,caught,3,South Africa,Johannesburg,18-Dec-13
121,46,,,5,0,52.87,4,caught,1,South Africa,Durban,26-Dec-13
122,11,,,1,0,40.74,4,caught,3,South Africa,Durban,26-Dec-13
123,1,,,0,0,25.0,4,caught,1,South Africa,Mohali,05-Nov-15
124,29,,,4,0,40.84,4,caught,3,South Africa,Mohali,05-Nov-15
125,22,,,2,0,40.0,4,caught,1,South Africa,Nagpur,25-Nov-15
126,16,,,2,0,53.33,4,caught,3,South Africa,Nagpur,25-Nov-15
127,44,,,7,0,70.96,4,caught,1,South Africa,Delhi,03-Dec-15
128,88,,,10,0,53.33,5,lbw,3,South Africa,Delhi,03-Dec-15
129,5,,,0,0,38.46,4,caught,2,South Africa,Cape Town,05-Jan-18
130,28,,,4,0,70.0,4,lbw,4,South Africa,Cape Town,05-Jan-18
131,153,,,15,0,70.5,4,caught,2,South Africa,Centurion,13-Jan-18
132,5,,,1,0,25.0,4,lbw,4,South Africa,Centurion,13-Jan-18
133,54,,,9,0,50.94,4,caught,1,South Africa,Johannesburg,24-Jan-18
134,41,,,6,0,51.89,5,bowled,3,South Africa,Johannesburg,24-Jan-18
135,20,,,4,0,50.0,4,caught,1,South Africa,Visakhapatnam,02-Oct-19
136,31*,,,3,1,124.0,5,not out,3,South Africa,Visakhapatnam,02-Oct-19
137,254*,,,33,2,75.59,4,not out,1,South Africa,Pune,10-Oct-19
138,12,,,2,0,54.54,4,lbw,1,South Africa,Ranchi,19-Oct-19
139,35,,,4,0,37.23,4,caught,1,South Africa,Centurion,26-Dec-21
140,18,,,4,0,56.25,5,caught,3,South Africa,Centurion,26-Dec-21
141,79,,,12,1,39.3,4,caught,1,South Africa,Cape Town,11-Jan-22
142,29,,,4,0,20.27,4,caught,3,South Africa,Cape Town,11-Jan-22
143,119,,,18,0,65.74,4,caught,1,South Africa,Johannesburg,18-Dec-13
144,96,,,9,0,49.74,4,caught,3,South Africa,Johannesburg,18-Dec-13
145,46,,,5,0,52.87,4,caught,1,South Africa,Durban,26-Dec-13
146,11,,,1,0,40.74,4,caught,3,South Africa,Durban,26-Dec-13
147,1,,,0,0,25.0,4,caught,1,South Africa,Mohali,05-Nov-15
148,29,,,4,0,40.84,4,caught,3,South Africa,Mohali,05-Nov-15
149,22,,,2,0,40.0,4,caught,1,South Africa,Nagpur,25-Nov-15
150,16,,,2,0,53.33,4,caught,3,South Africa,Nagpur,25-Nov-15
151,44,,,7,0,70.96,4,caught,1,South Africa,Delhi,03-Dec-15
152,88,,,10,0,53.33,5,lbw,3,South Africa,Delhi,03-Dec-15
153,5,,,0,0,38.46,4,caught,2,South Africa,Cape Town,05-Jan-18
154,28,,,4,0,70.0,4,lbw,4,South Africa,Cape Town,05-Jan-18
155,153,,,15,0,70.5,4,caught,2,South Africa,Centurion,13-Jan-18
156,5,,,1,0,25.0,4,lbw,4,South Africa,Centurion,13-Jan-18
157,54,,,9,0,50.94,4,caught,1,South Africa,Johannesburg,24-Jan-18
158,41,,,6,0,51.89,5,bowled,3,South Africa,Johannesburg,24-Jan-18
159,20,,,4,0,50.0,4,caught,1,South Africa,Visakhapatnam,02-Oct-19
160,31*,,,3,1,124.0,5,not out,3,South Africa,Visakhapatnam,02-Oct-19
161,254*,,,33,2,75.59,4,not out,1,South Africa,Pune,10-Oct-19
162,12,,,2,0,54.54,4,lbw,1,South Africa,Ranchi,19-Oct-19
163,35,,,4,0,37.23,4,caught,1,South Africa,Centurion,26-Dec-21
164,18,,,4,0,56.25,5,caught,3,South Africa,Centurion,26-Dec-21
165,79,,,12,1,39.3,4,caught,1,South Africa,Cape Town,11-Jan-22
166,29,,,4,0,20.27,4,caught,3,South Africa,Cape Town,11-Jan-22
167,4,,,1,0,40.0,5,caught,1,West Indies,Kingston,20-Jun-11
168,15,,,2,0,27.77,5,caught,3,West Indies,Kingston,20-Jun-11
169,0,,,0,0,0.0,5,caught,1,West Indies,Bridgetown,28-Jun-11
170,27,,,1,1,25.23,5,caught,3,West Indies,Bridgetown,28-Jun-11
171,30,,,2,0,56.6,5,caught,2,West Indies,Roseau,06-Jul-11
172,52,,,5,0,46.84,6,caught,2,West Indies,Wankhede,22-Nov-11
173,63,,,3,1,55.26,6,caught,4,West Indies,Wankhede,22-Nov-11
174,3,,,0,0,60.0,5,caught,2,West Indies,Eden Gardens,06-Nov-13
175,57,,,5,0,73.07,5,caught,2,West Indies,Wankhede,14-Nov-13
176,200,,,24,0,70.67,4,bowled,1,West Indies,North Sound,21-Jul-16
177,44,,,4,1,48.88,4,caught,2,West Indies,Kingston,30-Jul-16
178,3,,,0,0,37.5,3,caught,1,West Indies,Gros Islet,09-Aug-16
179,4,,,0,0,23.52,3,lbw,3,West Indies,Gros Islet,09-Aug-16
180,139,,,10,0,60.43,4,caught,1,West Indies,Rajkot,04-Oct-18
181,45,,,5,0,57.69,4,lbw,2,West Indies,Hyderabad,12-Oct-18
182,9,,,2,0,75.0,4,caught,1,West Indies,North Sound,22-Aug-19
183,51,,,2,0,45.13,4,caught,3,West Indies,North Sound,22-Aug-19
184,76,,,10,0,46.62,4,caught,1,West Indies,Kingston,30-Aug-19
185,0,,,0,0,0.0,4,caught,3,West Indies,Kingston,30-Aug-19
